fecha,reservas
11/01/2017,39665
10/01/2017,39702
09/01/2017,39661
06/01/2017,39802
05/01/2017,39856
04/01/2017,39580
03/01/2017,39486
02/01/2017,38760
30/12/2016,38772
29/12/2016,39362
28/12/2016,39204
27/12/2016,38956
26/12/2016,38509
23/12/2016,38511
22/12/2016,38173
21/12/2016,38189
20/12/2016,37930
19/12/2016,37203
16/12/2016,37086
15/12/2016,36878
14/12/2016,37007
13/12/2016,36869
12/12/2016,36776
07/12/2016,37811
06/12/2016,37592
05/12/2016,37537
02/12/2016,37536
01/12/2016,37275
30/11/2016,37378
29/11/2016,37561
25/11/2016,37682
24/11/2016,37575
23/11/2016,37554
22/11/2016,37610
21/11/2016,37461
18/11/2016,37283
17/11/2016,37426
16/11/2016,37875
15/11/2016,37901
14/11/2016,37938
11/11/2016,37958
10/11/2016,38016
09/11/2016,38058
08/11/2016,38070
07/11/2016,37691
04/11/2016,37940
03/11/2016,37616
02/11/2016,37622
01/11/2016,37533
31/10/2016,37210
28/10/2016,40020
27/10/2016,39841
26/10/2016,40885
25/10/2016,40840
24/10/2016,40572
21/10/2016,40264
20/10/2016,40632
19/10/2016,39651
18/10/2016,39715
17/10/2016,39331
14/10/2016,35545
13/10/2016,35482
12/10/2016,35553
11/10/2016,32457
07/10/2016,32533
06/10/2016,32469
05/10/2016,32510
04/10/2016,32469
03/10/2016,32296
30/09/2016,29902
29/09/2016,30009
28/09/2016,30389
27/09/2016,30596
26/09/2016,30708
23/09/2016,30748
22/09/2016,30736
21/09/2016,30710
20/09/2016,30697
19/09/2016,30743
16/09/2016,30813
15/09/2016,30873
14/09/2016,31028
13/09/2016,31084
12/09/2016,31250
09/09/2016,31274
08/09/2016,31265
07/09/2016,31330
06/09/2016,31324
05/09/2016,31126
02/09/2016,31070
01/09/2016,31102
31/08/2016,31150
30/08/2016,31432
29/08/2016,31557
26/08/2016,31809
25/08/2016,31924
24/08/2016,31847
23/08/2016,31931
22/08/2016,31965
19/08/2016,31963
18/08/2016,32338
17/08/2016,32087
16/08/2016,32239
12/08/2016,32251
11/08/2016,32425
10/08/2016,32566
09/08/2016,32535
08/08/2016,32488
05/08/2016,32453
04/08/2016,32479
03/08/2016,32497
02/08/2016,32618
01/08/2016,32628
29/07/2016,32511
28/07/2016,34244
27/07/2016,34274
26/07/2016,34290
25/07/2016,33691
22/07/2016,33784
21/07/2016,33849
20/07/2016,33900
19/07/2016,34039
18/07/2016,33845
15/07/2016,33927
14/07/2016,33977
13/07/2016,33986
12/07/2016,33886
11/07/2016,33647
07/07/2016,33673
06/07/2016,33425
05/07/2016,30737
04/07/2016,30768
01/07/2016,30749
30/06/2016,30507
29/06/2016,31112
28/06/2016,31707
27/06/2016,31708
24/06/2016,31858
23/06/2016,32024
22/06/2016,32045
21/06/2016,32095
16/06/2016,32137
15/06/2016,32190
14/06/2016,31219
13/06/2016,31263
10/06/2016,31354
09/06/2016,30981
08/06/2016,30987
07/06/2016,30849
06/06/2016,30936
03/06/2016,31033
02/06/2016,30757
01/06/2016,30742
31/05/2016,30171
30/05/2016,30348
27/05/2016,30391
26/05/2016,30829
24/05/2016,31643
23/05/2016,32268
20/05/2016,32033
19/05/2016,32088
18/05/2016,31645
17/05/2016,31632
16/05/2016,31356
13/05/2016,31348
12/05/2016,31079
11/05/2016,31176
10/05/2016,31077
09/05/2016,30986
06/05/2016,31311
05/05/2016,31392
04/05/2016,31518
03/05/2016,34220
02/05/2016,34314
29/04/2016,34380
28/04/2016,34655
27/04/2016,34741
26/04/2016,34906
25/04/2016,35009
22/04/2016,35043
21/04/2016,29186
20/04/2016,29254
19/04/2016,29295
18/04/2016,29224
15/04/2016,29239
14/04/2016,29353
13/04/2016,29442
12/04/2016,29528
11/04/2016,29524
08/04/2016,29512
07/04/2016,29557
06/04/2016,29462
05/04/2016,29544
04/04/2016,29421
01/04/2016,29407
31/03/2016,29572
30/03/2016,29852
29/03/2016,29881
28/03/2016,29842
23/03/2016,29886
22/03/2016,29117
21/03/2016,29149
18/03/2016,29195
17/03/2016,29238
16/03/2016,29080
15/03/2016,27849
14/03/2016,28029
11/03/2016,28145
10/03/2016,28130
09/03/2016,28113
08/03/2016,28164
07/03/2016,28167
04/03/2016,28215
03/03/2016,28121
02/03/2016,28124
01/03/2016,28195
29/02/2016,28399
26/02/2016,28551
25/02/2016,28767
24/02/2016,28860
23/02/2016,28890
22/02/2016,29068
19/02/2016,29178
18/02/2016,29273
17/02/2016,29317
16/02/2016,29437
15/02/2016,29676
12/02/2016,29656
11/02/2016,29833
10/02/2016,29732
05/02/2016,29674
04/02/2016,29835
03/02/2016,29892
02/02/2016,29928
01/02/2016,29985
29/01/2016,30074
28/01/2016,25243
27/01/2016,25322
26/01/2016,25414
25/01/2016,25389
22/01/2016,25375
21/01/2016,25369
20/01/2016,25546
19/01/2016,25587
18/01/2016,25665
15/01/2016,25645
14/01/2016,25543
13/01/2016,25591
12/01/2016,25610
11/01/2016,25710
08/01/2016,25559
07/01/2016,25671
06/01/2016,25668
05/01/2016,25512
04/01/2016,25515
31/12/2015,25563
30/12/2015,25385
29/12/2015,25267
28/12/2015,25077
24/12/2015,24858
23/12/2015,24720
22/12/2015,24441
21/12/2015,24417
18/12/2015,24396
17/12/2015,24141
16/12/2015,24164
15/12/2015,24290
14/12/2015,24473
11/12/2015,24661
10/12/2015,24862
09/12/2015,25092
04/12/2015,25030
03/12/2015,25046
02/12/2015,25184
01/12/2015,25410
30/11/2015,25615
26/11/2015,25761
25/11/2015,25768
24/11/2015,25782
23/11/2015,25812
20/11/2015,25841
19/11/2015,25889
18/11/2015,25933
17/11/2015,25924
16/11/2015,26111
13/11/2015,26203
12/11/2015,26246
11/11/2015,26278
10/11/2015,26391
09/11/2015,26440
05/11/2015,26710
04/11/2015,26807
03/11/2015,26877
02/11/2015,26938
30/10/2015,26970
29/10/2015,26965
28/10/2015,27037
27/10/2015,27060
26/10/2015,27162
23/10/2015,27305
22/10/2015,27300
21/10/2015,27335
20/10/2015,27389
19/10/2015,27389
16/10/2015,27635
15/10/2015,27636
14/10/2015,27755
13/10/2015,27753
09/10/2015,27758
08/10/2015,27747
07/10/2015,27691
06/10/2015,27722
05/10/2015,27713
02/10/2015,32462
01/10/2015,32471
30/09/2015,33257
29/09/2015,33288
28/09/2015,33318
25/09/2015,33104
24/09/2015,33343
23/09/2015,33338
22/09/2015,33401
21/09/2015,33396
18/09/2015,33425
17/09/2015,33452
16/09/2015,33445
15/09/2015,33453
14/09/2015,33492
11/09/2015,33505
10/09/2015,33499
09/09/2015,33500
08/09/2015,33521
07/09/2015,33546
04/09/2015,33552
03/09/2015,33542
02/09/2015,33569
01/09/2015,33582
31/08/2015,33606
28/08/2015,33598
27/08/2015,33599
26/08/2015,33606
25/08/2015,33634
24/08/2015,33674
21/08/2015,33684
20/08/2015,33674
19/08/2015,33664
18/08/2015,33663
14/08/2015,33653
13/08/2015,33632
12/08/2015,33692
11/08/2015,33712
10/08/2015,33842
07/08/2015,33837
06/08/2015,33837
05/08/2015,33849
04/08/2015,33888
03/08/2015,33915
31/07/2015,33943
30/07/2015,33927
29/07/2015,33931
28/07/2015,33933
27/07/2015,33931
24/07/2015,33933
23/07/2015,33929
22/07/2015,33928
21/07/2015,33861
20/07/2015,33845
17/07/2015,33853
16/07/2015,33843
15/07/2015,33843
14/07/2015,33837
13/07/2015,33841
10/07/2015,33834
08/07/2015,33829
07/07/2015,33829
06/07/2015,33834
03/07/2015,33849
02/07/2015,33850
01/07/2015,33847
30/06/2015,33851
29/06/2015,33842
26/06/2015,33833
25/06/2015,33835
24/06/2015,33821
23/06/2015,33816
22/06/2015,33821
19/06/2015,33829
18/06/2015,33824
17/06/2015,33818
16/06/2015,33816
15/06/2015,33817
12/06/2015,33813
11/06/2015,33813
10/06/2015,33807
09/06/2015,33795
08/06/2015,33288
05/06/2015,33285
04/06/2015,33306
03/06/2015,33280
02/06/2015,33288
01/06/2015,33283
29/05/2015,33283
28/05/2015,33272
27/05/2015,33817
26/05/2015,33818
22/05/2015,33881
21/05/2015,33875
20/05/2015,33873
19/05/2015,33868
18/05/2015,33871
15/05/2015,33866
14/05/2015,33861
13/05/2015,33860
12/05/2015,33866
11/05/2015,33856
08/05/2015,33852
07/05/2015,33874
06/05/2015,33905
05/05/2015,33901
04/05/2015,33910
30/04/2015,33909
29/04/2015,33910
28/04/2015,33221
27/04/2015,32687
24/04/2015,32687
23/04/2015,32688
22/04/2015,31438
21/04/2015,31440
20/04/2015,31424
17/04/2015,31419
16/04/2015,31515
15/04/2015,31507
14/04/2015,31523
13/04/2015,31524
10/04/2015,31524
09/04/2015,31516
08/04/2015,31516
07/04/2015,31513
06/04/2015,31510
01/04/2015,31505
31/03/2015,31490
30/03/2015,31460
27/03/2015,31464
26/03/2015,31465
25/03/2015,31457
20/03/2015,31441
19/03/2015,31431
18/03/2015,31423
17/03/2015,31419
16/03/2015,31428
13/03/2015,31391
12/03/2015,31380
11/03/2015,31368
10/03/2015,31393
09/03/2015,31395
06/03/2015,31405
05/03/2015,31440
04/03/2015,31449
03/03/2015,31458
02/03/2015,31467
27/02/2015,31470
26/02/2015,31412
25/02/2015,31406
24/02/2015,31403
23/02/2015,31381
20/02/2015,31360
19/02/2015,31344
18/02/2015,31333
13/02/2015,31354
12/02/2015,31353
11/02/2015,31316
10/02/2015,31315
09/02/2015,31291
06/02/2015,31284
05/02/2015,31269
04/02/2015,31239
03/02/2015,31240
02/02/2015,31403
30/01/2015,31452
29/01/2015,31350
28/01/2015,31304
27/01/2015,31300
26/01/2015,31287
23/01/2015,31229
22/01/2015,31265
21/01/2015,31262
20/01/2015,31276
19/01/2015,31315
16/01/2015,31311
15/01/2015,31318
14/01/2015,31298
13/01/2015,31281
12/01/2015,31103
09/01/2015,31076
08/01/2015,31073
07/01/2015,31248
06/01/2015,31315
05/01/2015,31313
02/01/2015,31337
30/12/2014,31443
29/12/2014,31159
24/12/2014,31116
23/12/2014,31076
22/12/2014,30930
19/12/2014,30855
18/12/2014,30823
17/12/2014,30715
16/12/2014,30442
15/12/2014,30271
12/12/2014,30269
11/12/2014,30185
10/12/2014,29212
09/12/2014,29189
05/12/2014,28931
04/12/2014,28905
03/12/2014,28909
02/12/2014,28897
01/12/2014,28941
28/11/2014,28911
27/11/2014,28872
26/11/2014,28895
25/11/2014,28889
21/11/2014,28812
20/11/2014,28816
19/11/2014,28817
18/11/2014,28816
17/11/2014,28793
14/11/2014,28288
13/11/2014,28207
12/11/2014,28176
11/11/2014,28172
10/11/2014,28170
07/11/2014,28108
05/11/2014,28075
04/11/2014,28068
03/11/2014,28077
31/10/2014,28111
30/10/2014,28109
29/10/2014,27346
28/10/2014,27356
27/10/2014,27338
24/10/2014,27412
23/10/2014,27402
22/10/2014,27377
21/10/2014,27359
20/10/2014,27282
17/10/2014,27299
16/10/2014,27446
15/10/2014,27437
14/10/2014,27589
10/10/2014,27591
09/10/2014,27620
08/10/2014,27676
07/10/2014,27734
06/10/2014,27762
03/10/2014,27785
02/10/2014,27948
01/10/2014,27921
30/09/2014,27866
29/09/2014,27881
26/09/2014,28008
25/09/2014,28183
24/09/2014,28215
23/09/2014,28222
22/09/2014,28221
19/09/2014,28224
18/09/2014,28275
17/09/2014,28272
16/09/2014,28283
15/09/2014,28228
12/09/2014,28394
11/09/2014,28412
10/09/2014,28414
09/09/2014,28432
08/09/2014,28337
05/09/2014,28385
04/09/2014,28471
03/09/2014,28507
02/09/2014,28551
01/09/2014,28614
29/08/2014,28620
28/08/2014,28635
27/08/2014,28606
26/08/2014,28587
25/08/2014,28675
22/08/2014,28781
21/08/2014,28859
20/08/2014,28923
19/08/2014,28952
15/08/2014,28953
14/08/2014,28971
13/08/2014,28970
12/08/2014,28962
11/08/2014,28961
08/08/2014,28962
07/08/2014,28957
06/08/2014,28932
05/08/2014,28928
04/08/2014,28893
01/08/2014,28997
31/07/2014,29003
30/07/2014,28801
29/07/2014,29018
28/07/2014,29018
25/07/2014,29704
24/07/2014,29713
23/07/2014,29700
22/07/2014,29694
21/07/2014,29692
18/07/2014,29676
17/07/2014,29672
16/07/2014,29637
15/07/2014,29633
14/07/2014,29626
11/07/2014,29632
10/07/2014,29621
08/07/2014,29545
07/07/2014,29537
04/07/2014,29478
03/07/2014,29478
02/07/2014,29352
01/07/2014,29339
30/06/2014,29278
27/06/2014,29255
26/06/2014,29133
25/06/2014,29073
24/06/2014,29025
23/06/2014,28893
19/06/2014,28884
18/06/2014,28872
17/06/2014,28841
16/06/2014,28834
13/06/2014,28844
12/06/2014,28820
11/06/2014,28800
10/06/2014,28781
09/06/2014,28789
06/06/2014,28623
05/06/2014,28635
04/06/2014,28639
03/06/2014,28627
02/06/2014,28599
30/05/2014,28542
29/05/2014,28520
28/05/2014,28541
27/05/2014,28499
26/05/2014,28514
23/05/2014,28514
22/05/2014,28433
21/05/2014,28350
20/05/2014,28398
19/05/2014,28390
16/05/2014,28391
15/05/2014,28383
14/05/2014,28373
13/05/2014,28358
12/05/2014,28356
09/05/2014,28336
08/05/2014,28323
07/05/2014,28307
06/05/2014,28297
05/05/2014,28249
30/04/2014,28220
29/04/2014,28112
28/04/2014,28172
25/04/2014,28105
24/04/2014,27903
23/04/2014,27831
22/04/2014,27820
21/04/2014,27817
16/04/2014,27813
15/04/2014,27768
14/04/2014,27756
11/04/2014,27743
10/04/2014,27636
09/04/2014,27608
08/04/2014,27469
07/04/2014,27331
04/04/2014,27213
03/04/2014,26729
01/04/2014,26989
31/03/2014,27007
28/03/2014,26910
27/03/2014,26939
26/03/2014,27106
25/03/2014,27089
21/03/2014,27156
20/03/2014,27133
19/03/2014,27165
18/03/2014,27208
17/03/2014,27318
14/03/2014,27471
13/03/2014,27472
12/03/2014,27462
11/03/2014,27618
10/03/2014,27610
07/03/2014,27636
06/03/2014,27644
05/03/2014,27646
28/02/2014,27546
27/02/2014,27373
26/02/2014,27482
25/02/2014,27575
24/02/2014,27575
21/02/2014,27588
20/02/2014,27606
19/02/2014,27716
18/02/2014,27718
17/02/2014,27728
14/02/2014,27712
13/02/2014,27754
12/02/2014,27728
11/02/2014,27709
10/02/2014,27644
07/02/2014,27784
06/02/2014,27735
05/02/2014,27774
04/02/2014,27779
03/02/2014,27795
31/01/2014,27748
30/01/2014,27822
29/01/2014,28201
28/01/2014,28455
27/01/2014,28704
24/01/2014,28872
23/01/2014,29074
22/01/2014,29325
21/01/2014,29405
20/01/2014,29682
17/01/2014,29681
16/01/2014,29692
15/01/2014,29863
14/01/2014,30025
13/01/2014,30105
10/01/2014,30156
09/01/2014,30222
08/01/2014,30230
07/01/2014,30437
06/01/2014,30352
03/01/2014,30529
02/01/2014,30586
30/12/2013,30599
27/12/2013,30828
26/12/2013,30777
23/12/2013,30702
20/12/2013,30680
19/12/2013,30656
18/12/2013,30634
17/12/2013,30574
16/12/2013,30610
13/12/2013,30509
12/12/2013,30525
11/12/2013,30587
10/12/2013,30430
09/12/2013,30470
06/12/2013,30467
05/12/2013,30383
04/12/2013,30509
03/12/2013,30589
02/12/2013,30665
29/11/2013,30799
28/11/2013,31199
27/11/2013,31156
26/11/2013,31319
22/11/2013,31399
21/11/2013,31541
20/11/2013,31786
19/11/2013,31980
18/11/2013,32150
15/11/2013,32389
14/11/2013,32494
13/11/2013,32502
12/11/2013,32624
11/11/2013,32954
08/11/2013,32966
07/11/2013,33055
05/11/2013,33070
04/11/2013,33236
01/11/2013,33312
31/10/2013,33232
30/10/2013,33238
29/10/2013,33369
28/10/2013,33617
25/10/2013,33971
24/10/2013,34014
23/10/2013,33984
22/10/2013,34090
21/10/2013,34112
18/10/2013,34247
17/10/2013,34339
16/10/2013,34410
15/10/2013,34387
11/10/2013,34402
10/10/2013,34538
09/10/2013,34678
08/10/2013,34632
07/10/2013,34707
04/10/2013,34746
03/10/2013,34615
02/10/2013,34714
01/10/2013,34825
30/09/2013,34741
27/09/2013,34692
26/09/2013,34891
25/09/2013,34994
24/09/2013,35059
23/09/2013,35021
20/09/2013,35000
19/09/2013,35179
18/09/2013,35107
17/09/2013,34965
16/09/2013,35150
13/09/2013,35195
12/09/2013,35261
11/09/2013,36491
10/09/2013,36578
09/09/2013,36652
06/09/2013,36717
05/09/2013,36708
04/09/2013,36668
03/09/2013,36722
02/09/2013,36676
30/08/2013,36678
29/08/2013,36837
28/08/2013,36878
27/08/2013,36911
26/08/2013,36929
23/08/2013,37011
22/08/2013,37010
21/08/2013,37053
20/08/2013,37083
16/08/2013,37056
15/08/2013,37024
14/08/2013,36963
13/08/2013,36993
12/08/2013,37060
09/08/2013,37061
08/08/2013,37068
07/08/2013,37022
06/08/2013,37026
05/08/2013,37084
02/08/2013,37089
01/08/2013,37034
31/07/2013,37049
30/07/2013,36924
29/07/2013,37296
26/07/2013,37312
25/07/2013,37303
24/07/2013,37365
23/07/2013,37416
22/07/2013,37471
19/07/2013,37464
18/07/2013,37435
17/07/2013,37413
16/07/2013,37444
15/07/2013,37461
12/07/2013,37469
11/07/2013,37416
10/07/2013,37333
08/07/2013,37229
05/07/2013,37130
04/07/2013,37205
03/07/2013,37213
02/07/2013,37156
01/07/2013,37132
28/06/2013,37005
27/06/2013,37595
26/06/2013,37782
25/06/2013,37944
24/06/2013,38038
19/06/2013,38298
18/06/2013,38286
17/06/2013,38298
14/06/2013,38375
13/06/2013,38530
12/06/2013,38610
11/06/2013,38599
10/06/2013,38641
07/06/2013,38598
06/06/2013,38520
05/06/2013,38514
04/06/2013,38520
03/06/2013,38616
31/05/2013,38551
30/05/2013,38649
29/05/2013,38540
28/05/2013,38674
27/05/2013,38821
24/05/2013,38814
23/05/2013,38748
22/05/2013,38768
21/05/2013,38802
20/05/2013,38840
17/05/2013,38819
16/05/2013,38868
15/05/2013,38952
14/05/2013,39072
13/05/2013,39122
10/05/2013,39152
09/05/2013,39220
08/05/2013,39280
07/05/2013,39361
06/05/2013,39443
03/05/2013,39440
02/05/2013,39559
30/04/2013,39532
29/04/2013,39642
26/04/2013,39750
25/04/2013,39778
24/04/2013,39710
23/04/2013,39725
22/04/2013,39790
19/04/2013,39801
18/04/2013,39793
17/04/2013,39816
16/04/2013,40064
15/04/2013,39998
12/04/2013,40326
11/04/2013,40448
10/04/2013,40425
09/04/2013,40450
08/04/2013,40413
05/04/2013,40451
04/04/2013,40384
03/04/2013,40413
27/03/2013,40446
26/03/2013,40807
25/03/2013,40867
22/03/2013,40945
21/03/2013,41038
20/03/2013,40988
19/03/2013,41085
18/03/2013,41205
15/03/2013,41242
14/03/2013,41399
13/03/2013,41377
12/03/2013,41406
11/03/2013,41497
08/03/2013,41528
07/03/2013,41456
06/03/2013,41492
05/03/2013,41502
04/03/2013,41518
01/03/2013,41576
28/02/2013,41609
27/02/2013,41540
26/02/2013,41821
25/02/2013,41844
22/02/2013,41803
21/02/2013,41877
19/02/2013,42017
18/02/2013,42175
15/02/2013,42171
14/02/2013,42195
13/02/2013,42295
08/02/2013,42301
07/02/2013,42405
06/02/2013,42568
05/02/2013,42673
04/02/2013,42657
01/02/2013,42648
30/01/2013,42531
29/01/2013,42590
28/01/2013,42707
25/01/2013,42766
24/01/2013,42832
23/01/2013,42940
22/01/2013,43015
21/01/2013,43055
18/01/2013,43058
17/01/2013,43084
16/01/2013,43032
15/01/2013,43004
14/01/2013,43009
11/01/2013,42980
10/01/2013,43004
09/01/2013,42950
08/01/2013,42971
07/01/2013,43046
04/01/2013,43047
03/01/2013,43196
02/01/2013,43232
31/12/2012,43290
28/12/2012,43194
27/12/2012,43451
26/12/2012,43390
21/12/2012,43292
20/12/2012,43162
19/12/2012,43131
18/12/2012,43110
17/12/2012,43043
14/12/2012,43070
13/12/2012,45684
12/12/2012,45678
11/12/2012,45617
10/12/2012,45491
07/12/2012,45397
06/12/2012,45291
05/12/2012,45289
04/12/2012,45315
03/12/2012,45293
30/11/2012,45238
29/11/2012,45122
28/11/2012,45169
27/11/2012,45267
23/11/2012,45285
22/11/2012,45286
21/11/2012,45295
20/11/2012,45292
19/11/2012,45344
16/11/2012,45364
15/11/2012,45356
14/11/2012,45438
13/11/2012,45417
12/11/2012,45429
09/11/2012,45444
08/11/2012,45402
07/11/2012,45388
05/11/2012,45273
02/11/2012,45219
01/11/2012,45270
31/10/2012,45274
30/10/2012,45128
29/10/2012,45269
26/10/2012,45253
25/10/2012,45313
24/10/2012,44792
23/10/2012,44854
22/10/2012,44893
19/10/2012,44935
18/10/2012,44922
17/10/2012,44924
16/10/2012,44974
15/10/2012,44979
12/10/2012,45109
11/10/2012,45162
10/10/2012,45142
09/10/2012,45125
05/10/2012,45130
04/10/2012,45020
03/10/2012,44975
02/10/2012,45107
01/10/2012,45089
28/09/2012,45010
27/09/2012,45176
26/09/2012,45161
25/09/2012,45244
21/09/2012,45311
20/09/2012,45239
19/09/2012,45250
18/09/2012,45261
17/09/2012,45253
14/09/2012,45362
13/09/2012,45306
12/09/2012,45274
11/09/2012,45271
10/09/2012,45263
07/09/2012,45264
06/09/2012,45205
05/09/2012,45162
04/09/2012,45152
03/09/2012,45168
31/08/2012,45152
30/08/2012,45054
29/08/2012,45077
28/08/2012,45202
27/08/2012,45212
24/08/2012,45215
23/08/2012,45140
22/08/2012,45118
21/08/2012,45136
17/08/2012,45100
16/08/2012,45099
15/08/2012,45059
14/08/2012,45072
13/08/2012,45133
10/08/2012,45131
09/08/2012,45080
08/08/2012,45054
07/08/2012,45037
06/08/2012,45032
03/08/2012,45009
02/08/2012,46727
01/08/2012,46807
31/07/2012,46818
30/07/2012,46723
27/07/2012,46839
26/07/2012,46809
25/07/2012,46735
24/07/2012,46732
23/07/2012,46779
20/07/2012,46792
19/07/2012,46752
18/07/2012,46811
17/07/2012,46816
16/07/2012,46812
13/07/2012,46747
12/07/2012,46665
11/07/2012,46608
10/07/2012,46520
06/07/2012,46436
05/07/2012,46435
04/07/2012,46293
03/07/2012,46314
02/07/2012,46215
29/06/2012,46348
28/06/2012,46475
27/06/2012,46453
26/06/2012,46393
25/06/2012,46394
22/06/2012,46296
21/06/2012,46308
19/06/2012,46451
18/06/2012,46511
15/06/2012,46504
14/06/2012,46498
13/06/2012,46637
12/06/2012,46687
11/06/2012,46717
08/06/2012,46737
07/06/2012,46733
06/06/2012,46838
05/06/2012,46886
04/06/2012,47037
01/06/2012,47111
31/05/2012,46978
30/05/2012,46952
29/05/2012,47086
28/05/2012,47157
24/05/2012,47154
23/05/2012,47171
22/05/2012,47302
21/05/2012,47484
18/05/2012,47589
17/05/2012,47645
16/05/2012,47648
15/05/2012,47589
14/05/2012,47515
11/05/2012,47643
10/05/2012,47532
09/05/2012,47425
08/05/2012,47458
07/05/2012,47587
04/05/2012,47593
03/05/2012,47492
02/05/2012,47553
27/04/2012,47844
26/04/2012,47715
25/04/2012,47644
24/04/2012,47627
23/04/2012,47518
20/04/2012,47472
19/04/2012,47443
18/04/2012,47437
17/04/2012,47470
16/04/2012,47442
13/04/2012,47598
12/04/2012,47508
11/04/2012,47381
10/04/2012,47279
09/04/2012,47177
04/04/2012,47164
03/04/2012,47241
30/03/2012,47291
29/03/2012,47531
28/03/2012,47512
27/03/2012,47470
26/03/2012,47415
23/03/2012,47371
22/03/2012,47315
21/03/2012,47304
20/03/2012,47286
19/03/2012,47249
16/03/2012,47243
15/03/2012,47149
14/03/2012,47165
13/03/2012,47223
12/03/2012,47178
09/03/2012,47112
08/03/2012,47056
07/03/2012,46894
06/03/2012,46828
05/03/2012,46838
02/03/2012,46781
01/03/2012,46700
29/02/2012,46668
28/02/2012,46899
24/02/2012,46897
23/02/2012,46906
22/02/2012,46885
17/02/2012,46869
16/02/2012,46826
15/02/2012,46829
14/02/2012,46884
13/02/2012,46873
10/02/2012,46818
09/02/2012,46749
08/02/2012,46747
07/02/2012,46722
06/02/2012,46692
03/02/2012,46700
02/02/2012,46685
01/02/2012,46673
31/01/2012,46594
30/01/2012,46609
27/01/2012,46669
26/01/2012,46700
25/01/2012,46680
24/01/2012,46699
23/01/2012,46729
20/01/2012,46678
19/01/2012,46672
18/01/2012,46646
17/01/2012,46682
16/01/2012,46636
13/01/2012,46636
12/01/2012,46517
11/01/2012,46419
10/01/2012,46375
09/01/2012,46222
06/01/2012,46426
05/01/2012,46440
04/01/2012,46446
03/01/2012,46231
30/12/2011,46376
29/12/2011,46319
28/12/2011,46229
27/12/2011,46323
23/12/2011,46274
22/12/2011,46096
21/12/2011,45676
20/12/2011,45412
19/12/2011,45221
16/12/2011,45060
15/12/2011,44809
14/12/2011,44703
13/12/2011,46574
12/12/2011,46443
07/12/2011,46371
06/12/2011,46164
05/12/2011,46087
02/12/2011,46138
01/12/2011,46105
30/11/2011,46062
29/11/2011,46000
25/11/2011,45947
24/11/2011,46052
23/11/2011,46033
22/11/2011,46059
21/11/2011,45966
18/11/2011,46022
17/11/2011,46005
16/11/2011,46077
15/11/2011,46127
14/11/2011,46317
11/11/2011,46581
10/11/2011,46661
09/11/2011,46824
08/11/2011,46964
07/11/2011,47089
04/11/2011,47274
03/11/2011,47408
02/11/2011,47450
01/11/2011,47429
31/10/2011,47523
28/10/2011,47587
27/10/2011,47627
26/10/2011,47701
25/10/2011,47768
24/10/2011,47806
21/10/2011,47806
20/10/2011,47828
19/10/2011,47985
18/10/2011,48095
17/10/2011,48032
14/10/2011,48241
13/10/2011,48205
12/10/2011,48209
11/10/2011,48132
07/10/2011,48235
06/10/2011,48310
05/10/2011,48249
04/10/2011,48279
03/10/2011,48409
30/09/2011,48590
29/09/2011,48721
28/09/2011,48860
27/09/2011,48995
26/09/2011,48983
23/09/2011,49060
22/09/2011,49142
21/09/2011,49264
20/09/2011,49270
19/09/2011,49231
16/09/2011,49424
15/09/2011,49452
14/09/2011,49556
13/09/2011,49589
12/09/2011,49586
09/09/2011,49688
08/09/2011,49691
07/09/2011,49676
06/09/2011,49773
05/09/2011,49954
02/09/2011,49956
01/09/2011,49913
31/08/2011,49990
30/08/2011,50036
29/08/2011,50043
26/08/2011,50090
25/08/2011,50041
24/08/2011,50061
23/08/2011,50109
19/08/2011,50102
18/08/2011,50072
17/08/2011,50119
16/08/2011,50150
15/08/2011,50210
12/08/2011,50330
11/08/2011,50293
10/08/2011,50333
09/08/2011,50226
08/08/2011,50277
05/08/2011,50318
04/08/2011,51722
03/08/2011,52001
02/08/2011,51863
01/08/2011,51853
29/07/2011,51923
28/07/2011,51968
27/07/2011,52025
26/07/2011,52016
25/07/2011,51934
22/07/2011,51988
21/07/2011,51982
20/07/2011,51987
19/07/2011,51969
18/07/2011,52003
15/07/2011,52031
14/07/2011,52023
13/07/2011,51879
12/07/2011,51713
11/07/2011,51611
08/07/2011,51588
07/07/2011,51601
06/07/2011,51566
05/07/2011,51525
04/07/2011,51779
01/07/2011,51749
30/06/2011,51695
29/06/2011,51794
28/06/2011,52090
27/06/2011,52036
24/06/2011,52089
23/06/2011,52153
22/06/2011,52259
21/06/2011,52236
17/06/2011,52208
16/06/2011,52160
15/06/2011,52147
14/06/2011,52206
13/06/2011,52176
10/06/2011,52131
09/06/2011,52070
08/06/2011,52039
07/06/2011,52066
06/06/2011,52043
03/06/2011,52046
02/06/2011,52028
01/06/2011,52001
31/05/2011,52060
30/05/2011,52148
27/05/2011,52150
26/05/2011,52066
24/05/2011,51965
23/05/2011,51893
20/05/2011,51909
19/05/2011,51919
18/05/2011,51950
17/05/2011,51959
16/05/2011,52002
13/05/2011,52031
12/05/2011,52000
11/05/2011,51929
10/05/2011,51975
09/05/2011,51894
06/05/2011,51897
05/05/2011,51900
04/05/2011,51993
03/05/2011,52011
02/05/2011,51990
29/04/2011,52011
28/04/2011,51908
27/04/2011,51882
26/04/2011,52094
25/04/2011,51837
20/04/2011,51739
19/04/2011,51642
18/04/2011,51564
15/04/2011,51638
14/04/2011,51710
13/04/2011,51658
12/04/2011,51633
11/04/2011,51605
08/04/2011,51541
07/04/2011,51481
06/04/2011,51405
05/04/2011,51330
04/04/2011,51210
01/04/2011,51302
31/03/2011,51298
30/03/2011,51334
29/03/2011,51420
28/03/2011,51667
23/03/2011,52550
22/03/2011,52502
21/03/2011,52410
18/03/2011,52439
17/03/2011,52374
16/03/2011,52342
15/03/2011,52340
14/03/2011,52439
11/03/2011,52379
10/03/2011,52330
09/03/2011,52365
04/03/2011,52364
03/03/2011,52390
02/03/2011,52352
01/03/2011,52313
28/02/2011,52318
25/02/2011,52306
24/02/2011,52362
23/02/2011,52332
22/02/2011,52338
21/02/2011,52431
18/02/2011,52432
17/02/2011,52444
16/02/2011,52419
15/02/2011,52357
14/02/2011,52373
11/02/2011,52387
10/02/2011,52479
09/02/2011,52496
08/02/2011,52470
07/02/2011,52448
04/02/2011,52509
03/02/2011,52535
02/02/2011,52606
01/02/2011,52647
31/01/2011,52618
28/01/2011,52574
27/01/2011,52624
26/01/2011,52654
25/01/2011,52569
24/01/2011,52528
21/01/2011,52510
20/01/2011,52503
19/01/2011,52468
18/01/2011,52407
17/01/2011,52329
14/01/2011,52331
13/01/2011,52307
12/01/2011,52206
11/01/2011,52201
10/01/2011,52141
07/01/2011,52119
06/01/2011,52197
05/01/2011,52215
04/01/2011,52185
03/01/2011,52179
30/12/2010,52145
29/12/2010,52585
28/12/2010,52481
27/12/2010,52358
23/12/2010,52346
22/12/2010,52381
21/12/2010,52267
20/12/2010,52223
17/12/2010,52152
16/12/2010,52143
15/12/2010,52057
14/12/2010,52111
13/12/2010,52069
10/12/2010,51958
09/12/2010,51944
07/12/2010,51982
06/12/2010,51962
03/12/2010,51958
02/12/2010,51816
01/12/2010,51820
30/11/2010,51896
29/11/2010,51985
26/11/2010,52157
25/11/2010,52262
24/11/2010,52266
23/11/2010,52268
19/11/2010,52373
18/11/2010,52326
17/11/2010,52239
16/11/2010,52216
15/11/2010,52251
12/11/2010,52265
11/11/2010,52274
10/11/2010,52295
09/11/2010,52293
08/11/2010,52261
05/11/2010,52284
04/11/2010,52291
03/11/2010,52211
02/11/2010,52119
01/11/2010,52018
29/10/2010,51918
28/10/2010,51920
26/10/2010,51863
25/10/2010,51806
22/10/2010,51708
21/10/2010,51768
20/10/2010,51609
19/10/2010,51555
18/10/2010,51499
15/10/2010,51541
14/10/2010,51655
13/10/2010,51558
12/10/2010,51456
08/10/2010,51528
07/10/2010,51508
06/10/2010,51480
05/10/2010,51443
04/10/2010,51512
01/10/2010,51236
30/09/2010,51125
29/09/2010,51110
28/09/2010,51240
27/09/2010,51218
24/09/2010,51171
23/09/2010,51270
22/09/2010,51215
21/09/2010,51157
20/09/2010,51126
17/09/2010,51088
16/09/2010,51101
15/09/2010,51001
14/09/2010,50988
13/09/2010,50841
10/09/2010,50795
09/09/2010,50741
08/09/2010,50646
07/09/2010,50575
06/09/2010,50546
03/09/2010,50539
02/09/2010,50455
01/09/2010,50469
31/08/2010,50348
30/08/2010,50319
27/08/2010,50353
26/08/2010,50339
25/08/2010,50315
24/08/2010,50266
23/08/2010,50240
20/08/2010,50173
19/08/2010,50183
18/08/2010,50198
17/08/2010,50176
13/08/2010,50109
12/08/2010,50071
11/08/2010,49940
10/08/2010,50004
09/08/2010,50026
06/08/2010,49990
05/08/2010,50045
04/08/2010,49991
03/08/2010,49897
02/08/2010,51084
30/07/2010,51073
29/07/2010,51081
28/07/2010,51081
27/07/2010,51079
26/07/2010,51016
23/07/2010,50995
22/07/2010,50988
21/07/2010,50902
20/07/2010,50861
19/07/2010,50765
16/07/2010,50743
15/07/2010,50643
14/07/2010,50500
13/07/2010,50315
12/07/2010,50177
08/07/2010,50131
07/07/2010,49850
06/07/2010,49627
05/07/2010,49448
02/07/2010,49462
01/07/2010,49325
30/06/2010,49240
29/06/2010,49249
28/06/2010,49614
25/06/2010,49698
24/06/2010,49684
23/06/2010,49600
22/06/2010,49661
18/06/2010,49563
17/06/2010,49518
16/06/2010,49279
15/06/2010,49069
14/06/2010,48958
11/06/2010,49006
10/06/2010,48966
09/06/2010,48922
08/06/2010,48799
07/06/2010,48788
04/06/2010,48896
03/06/2010,48785
02/06/2010,48812
01/06/2010,48873
31/05/2010,49000
28/05/2010,48981
27/05/2010,48932
26/05/2010,48867
21/05/2010,48841
20/05/2010,48601
19/05/2010,48433
18/05/2010,48451
17/05/2010,48402
14/05/2010,48420
13/05/2010,48390
12/05/2010,48314
11/05/2010,48176
10/05/2010,48170
07/05/2010,48131
06/05/2010,47906
05/05/2010,47925
04/05/2010,48033
03/05/2010,48058
30/04/2010,48067
29/04/2010,48032
28/04/2010,47924
27/04/2010,47893
26/04/2010,47825
23/04/2010,47692
22/04/2010,47685
21/04/2010,47643
20/04/2010,47571
19/04/2010,47457
16/04/2010,47314
15/04/2010,47383
14/04/2010,47476
13/04/2010,47474
12/04/2010,47359
09/04/2010,47265
08/04/2010,47300
07/04/2010,47366
06/04/2010,47975
05/04/2010,47472
31/03/2010,47460
30/03/2010,47415
29/03/2010,47589
26/03/2010,47622
25/03/2010,47589
23/03/2010,47602
22/03/2010,47612
19/03/2010,47661
18/03/2010,47823
17/03/2010,47837
16/03/2010,47835
15/03/2010,47753
12/03/2010,47834
11/03/2010,47727
10/03/2010,47632
09/03/2010,47670
08/03/2010,47659
05/03/2010,47709
04/03/2010,47727
03/03/2010,47699
02/03/2010,47714
01/03/2010,47716
26/02/2010,47758
25/02/2010,47698
24/02/2010,47773
23/02/2010,47801
22/02/2010,47905
19/02/2010,47951
18/02/2010,47939
17/02/2010,48019
16/02/2010,48016
15/02/2010,48048
12/02/2010,48037
11/02/2010,48034
10/02/2010,48062
09/02/2010,48034
08/02/2010,47892
05/02/2010,48051
04/02/2010,47987
03/02/2010,48154
02/02/2010,48031
01/02/2010,48059
29/01/2010,48129
28/01/2010,48064
27/01/2010,48161
26/01/2010,48201
25/01/2010,48317
22/01/2010,48277
21/01/2010,48114
20/01/2010,48067
19/01/2010,48141
18/01/2010,48108
15/01/2010,48015
14/01/2010,48303
13/01/2010,48140
12/01/2010,48146
11/01/2010,48192
08/01/2010,48085
07/01/2010,48100
06/01/2010,48092
05/01/2010,47974
04/01/2010,48068
31/12/2009,47967
30/12/2009,47815
29/12/2009,48088
28/12/2009,48184
24/12/2009,48123
23/12/2009,48156
22/12/2009,48102
21/12/2009,47922
18/12/2009,47946
17/12/2009,47888
16/12/2009,47982
15/12/2009,47717
14/12/2009,47582
11/12/2009,47555
10/12/2009,47446
09/12/2009,47354
07/12/2009,47292
04/12/2009,47218
03/12/2009,47307
02/12/2009,47341
01/12/2009,47132
30/11/2009,47072
27/11/2009,47081
26/11/2009,47232
25/11/2009,47177
24/11/2009,47141
23/11/2009,47176
20/11/2009,47011
19/11/2009,46782
18/11/2009,46739
17/11/2009,46761
16/11/2009,46661
13/11/2009,46692
12/11/2009,46610
11/11/2009,46878
10/11/2009,46860
09/11/2009,46781
05/11/2009,46596
04/11/2009,46480
03/11/2009,46406
02/11/2009,46346
30/10/2009,46277
29/10/2009,46305
28/10/2009,46208
27/10/2009,46181
26/10/2009,46104
23/10/2009,46048
22/10/2009,46050
21/10/2009,45947
20/10/2009,45858
19/10/2009,45688
16/10/2009,45618
15/10/2009,45583
14/10/2009,45591
13/10/2009,45575
09/10/2009,45455
08/10/2009,45532
07/10/2009,45463
06/10/2009,45421
05/10/2009,45307
02/10/2009,45396
01/10/2009,45351
30/09/2009,45348
29/09/2009,45309
28/09/2009,45282
25/09/2009,45322
24/09/2009,45384
23/09/2009,45290
22/09/2009,45312
21/09/2009,45207
18/09/2009,45175
17/09/2009,45151
16/09/2009,45189
15/09/2009,45132
14/09/2009,45112
11/09/2009,45134
10/09/2009,45187
09/09/2009,45193
08/09/2009,45091
07/09/2009,45130
04/09/2009,45130
03/09/2009,45075
02/09/2009,45061
01/09/2009,45047
31/08/2009,45021
28/08/2009,44994
27/08/2009,44907
26/08/2009,44884
25/08/2009,44909
24/08/2009,44931
21/08/2009,44905
20/08/2009,44794
19/08/2009,44794
18/08/2009,44738
14/08/2009,44795
13/08/2009,44809
12/08/2009,44653
11/08/2009,44597
10/08/2009,44562
07/08/2009,44496
06/08/2009,44492
05/08/2009,44592
04/08/2009,44547
03/08/2009,44685
31/07/2009,46047
30/07/2009,46023
29/07/2009,46066
28/07/2009,46071
27/07/2009,46126
24/07/2009,46109
23/07/2009,46144
22/07/2009,46092
21/07/2009,46123
20/07/2009,46137
17/07/2009,46068
16/07/2009,46019
15/07/2009,45983
14/07/2009,45979
13/07/2009,45978
08/07/2009,45772
07/07/2009,45942
06/07/2009,45966
03/07/2009,45934
02/07/2009,45833
01/07/2009,46035
30/06/2009,46026
29/06/2009,45966
26/06/2009,46167
25/06/2009,46292
24/06/2009,46365
23/06/2009,46436
22/06/2009,46435
19/06/2009,46489
18/06/2009,46492
17/06/2009,46398
16/06/2009,46469
12/06/2009,46485
11/06/2009,46600
10/06/2009,46411
09/06/2009,46406
08/06/2009,46339
05/06/2009,46351
04/06/2009,46487
03/06/2009,46485
02/06/2009,46484
01/06/2009,46502
29/05/2009,46545
28/05/2009,46524
27/05/2009,46656
26/05/2009,46725
22/05/2009,46730
21/05/2009,46742
20/05/2009,46720
19/05/2009,46661
18/05/2009,46533
15/05/2009,46516
14/05/2009,46612
13/05/2009,46555
12/05/2009,46483
11/05/2009,46462
08/05/2009,46503
07/05/2009,46492
06/05/2009,46446
05/05/2009,46445
04/05/2009,46472
30/04/2009,46368
29/04/2009,46392
28/04/2009,46459
27/04/2009,46425
24/04/2009,46405
23/04/2009,46410
22/04/2009,46346
21/04/2009,46269
20/04/2009,46274
17/04/2009,46247
16/04/2009,46352
15/04/2009,46217
14/04/2009,46334
13/04/2009,46270
08/04/2009,46071
07/04/2009,46062
06/04/2009,46106
03/04/2009,46224
01/04/2009,46390
31/03/2009,46509
30/03/2009,46514
27/03/2009,46822
26/03/2009,46926
25/03/2009,46952
23/03/2009,46943
20/03/2009,47025
19/03/2009,47055
18/03/2009,47002
17/03/2009,46972
16/03/2009,47004
13/03/2009,46972
12/03/2009,46943
11/03/2009,46960
10/03/2009,46988
09/03/2009,46796
06/03/2009,46964
05/03/2009,46983
04/03/2009,47009
03/03/2009,47024
02/03/2009,47040
27/02/2009,47025
26/02/2009,46995
25/02/2009,47049
24/02/2009,47053
23/02/2009,47065
20/02/2009,47047
19/02/2009,47034
18/02/2009,47025
17/02/2009,47036
16/02/2009,47157
13/02/2009,47169
12/02/2009,47122
11/02/2009,47067
10/02/2009,47051
09/02/2009,47041
06/02/2009,47027
05/02/2009,47035
04/02/2009,47029
03/02/2009,47034
02/02/2009,47044
30/01/2009,47009
29/01/2009,47105
28/01/2009,47062
27/01/2009,47058
26/01/2009,47048
23/01/2009,47026
22/01/2009,47006
21/01/2009,46951
20/01/2009,46993
19/01/2009,46964
16/01/2009,46967
15/01/2009,46824
14/01/2009,46803
13/01/2009,46755
12/01/2009,46660
09/01/2009,46669
08/01/2009,46567
07/01/2009,46456
06/01/2009,46331
05/01/2009,46273
02/01/2009,46408
31/12/2008,46386
30/12/2008,46362
29/12/2008,46577
26/12/2008,46407
24/12/2008,46374
23/12/2008,46389
22/12/2008,46363
19/12/2008,46297
18/12/2008,46242
17/12/2008,46235
16/12/2008,45997
15/12/2008,45906
12/12/2008,45876
11/12/2008,46131
10/12/2008,46239
09/12/2008,46270
05/12/2008,46054
04/12/2008,46090
03/12/2008,46084
02/12/2008,46109
01/12/2008,46066
28/11/2008,46072
27/11/2008,46075
26/11/2008,46059
25/11/2008,46115
24/11/2008,46102
21/11/2008,46059
20/11/2008,45970
19/11/2008,45922
18/11/2008,45991
17/11/2008,46000
14/11/2008,45807
13/11/2008,45587
12/11/2008,45526
11/11/2008,45483
10/11/2008,45443
07/11/2008,45189
05/11/2008,45183
04/11/2008,45031
03/11/2008,44973
31/10/2008,44941
30/10/2008,45436
29/10/2008,45554
28/10/2008,45815
27/10/2008,46136
24/10/2008,46383
23/10/2008,46708
22/10/2008,46708
21/10/2008,46773
20/10/2008,46787
17/10/2008,46859
16/10/2008,46922
15/10/2008,46980
14/10/2008,46765
10/10/2008,46528
09/10/2008,46973
08/10/2008,47035
07/10/2008,46994
06/10/2008,47019
03/10/2008,47064
02/10/2008,47126
01/10/2008,47152
30/09/2008,47121
29/09/2008,47115
26/09/2008,47171
25/09/2008,47199
24/09/2008,47040
23/09/2008,47157
22/09/2008,47099
19/09/2008,47106
18/09/2008,47070
17/09/2008,47085
16/09/2008,47001
15/09/2008,47053
12/09/2008,46964
11/09/2008,46963
10/09/2008,47062
09/09/2008,47096
08/09/2008,47001
05/09/2008,47068
04/09/2008,46974
03/09/2008,47035
02/09/2008,47088
01/09/2008,47081
29/08/2008,47090
28/08/2008,47122
27/08/2008,47097
26/08/2008,47114
25/08/2008,47180
22/08/2008,47204
21/08/2008,47252
20/08/2008,47165
19/08/2008,47079
15/08/2008,46978
14/08/2008,47364
13/08/2008,47452
12/08/2008,47423
11/08/2008,47415
08/08/2008,47461
07/08/2008,47535
06/08/2008,47595
05/08/2008,47615
04/08/2008,47651
01/08/2008,47692
31/07/2008,47545
30/07/2008,47588
29/07/2008,47670
28/07/2008,47644
25/07/2008,47650
24/07/2008,47676
23/07/2008,47616
22/07/2008,47627
21/07/2008,47649
18/07/2008,47650
17/07/2008,47676
16/07/2008,47683
15/07/2008,47637
14/07/2008,47633
11/07/2008,47603
10/07/2008,47572
08/07/2008,47531
07/07/2008,47544
04/07/2008,47497
03/07/2008,47518
02/07/2008,47549
01/07/2008,47524
30/06/2008,47516
27/06/2008,47598
26/06/2008,47731
25/06/2008,47754
24/06/2008,47680
23/06/2008,47668
20/06/2008,47701
19/06/2008,47644
18/06/2008,47632
17/06/2008,47696
13/06/2008,47709
12/06/2008,47929
11/06/2008,48003
10/06/2008,48068
09/06/2008,48178
06/06/2008,48317
05/06/2008,48369
04/06/2008,48411
03/06/2008,48485
02/06/2008,48514
30/05/2008,48588
29/05/2008,48626
28/05/2008,48737
27/05/2008,48822
26/05/2008,49038
23/05/2008,49005
22/05/2008,49021
21/05/2008,48844
20/05/2008,48840
19/05/2008,48958
16/05/2008,49096
15/05/2008,49181
14/05/2008,49400
13/05/2008,49705
12/05/2008,50051
09/05/2008,50175
08/05/2008,50223
07/05/2008,50199
06/05/2008,50202
05/05/2008,50213
02/05/2008,50201
30/04/2008,50247
29/04/2008,50152
28/04/2008,50169
25/04/2008,50169
24/04/2008,50275
23/04/2008,50280
22/04/2008,50263
21/04/2008,50262
18/04/2008,50260
17/04/2008,50399
16/04/2008,50415
15/04/2008,50386
14/04/2008,50476
11/04/2008,50391
10/04/2008,50358
09/04/2008,50395
08/04/2008,50388
07/04/2008,50475
04/04/2008,50396
03/04/2008,50456
01/04/2008,50426
31/03/2008,50464
28/03/2008,50481
27/03/2008,50517
26/03/2008,50502
25/03/2008,50475
19/03/2008,50391
18/03/2008,50412
17/03/2008,50238
14/03/2008,50067
13/03/2008,50038
12/03/2008,50037
11/03/2008,49814
10/03/2008,49714
07/03/2008,49599
06/03/2008,49506
05/03/2008,49479
04/03/2008,49369
03/03/2008,49338
29/02/2008,49261
28/02/2008,49161
27/02/2008,49104
26/02/2008,49034
25/02/2008,48935
22/02/2008,48857
21/02/2008,48688
20/02/2008,48544
19/02/2008,48524
18/02/2008,48407
15/02/2008,48403
14/02/2008,48342
13/02/2008,48261
12/02/2008,48217
11/02/2008,48159
08/02/2008,48090
07/02/2008,48037
06/02/2008,48004
05/02/2008,47903
04/02/2008,47918
01/02/2008,47755
31/01/2008,47660
30/01/2008,47540
29/01/2008,47491
28/01/2008,47483
25/01/2008,47341
24/01/2008,47313
23/01/2008,47158
22/01/2008,47076
21/01/2008,47029
18/01/2008,47009
17/01/2008,47042
16/01/2008,46987
15/01/2008,46929
14/01/2008,46934
11/01/2008,46748
10/01/2008,46686
09/01/2008,46564
08/01/2008,46594
07/01/2008,46520
04/01/2008,46362
03/01/2008,46357
02/01/2008,46292
28/12/2007,46176
27/12/2007,46095
26/12/2007,46068
21/12/2007,46025
20/12/2007,45905
19/12/2007,45862
18/12/2007,45834
17/12/2007,45727
14/12/2007,45722
13/12/2007,45744
12/12/2007,45721
11/12/2007,45646
10/12/2007,45566
07/12/2007,45511
06/12/2007,45321
05/12/2007,45192
04/12/2007,45121
03/12/2007,44985
30/11/2007,44860
29/11/2007,44752
28/11/2007,44618
27/11/2007,44585
26/11/2007,44535
23/11/2007,44440
22/11/2007,44407
21/11/2007,44388
20/11/2007,44180
19/11/2007,44020
16/11/2007,43615
15/11/2007,43481
14/11/2007,43515
13/11/2007,43436
12/11/2007,43416
09/11/2007,43401
08/11/2007,43304
07/11/2007,43268
05/11/2007,43131
02/11/2007,43129
01/11/2007,42987
31/10/2007,43000
30/10/2007,43025
29/10/2007,42984
26/10/2007,43032
25/10/2007,42972
24/10/2007,42932
23/10/2007,42976
22/10/2007,42588
19/10/2007,42624
18/10/2007,42611
17/10/2007,42532
16/10/2007,42550
12/10/2007,42518
11/10/2007,42620
10/10/2007,42621
09/10/2007,42609
08/10/2007,42682
05/10/2007,42700
04/10/2007,42501
03/10/2007,42618
02/10/2007,42691
01/10/2007,42774
28/09/2007,42891
27/09/2007,42749
26/09/2007,42669
25/09/2007,42739
24/09/2007,42696
21/09/2007,42769
20/09/2007,42868
19/09/2007,42826
18/09/2007,42835
17/09/2007,42789
14/09/2007,43020
13/09/2007,43060
12/09/2007,43061
11/09/2007,43020
10/09/2007,42981
07/09/2007,42997
06/09/2007,43008
05/09/2007,43022
04/09/2007,43100
03/09/2007,43170
31/08/2007,43160
30/08/2007,43123
29/08/2007,43232
28/08/2007,43265
27/08/2007,43402
24/08/2007,43539
23/08/2007,43692
22/08/2007,43714
21/08/2007,43687
17/08/2007,43722
16/08/2007,43675
15/08/2007,43759
14/08/2007,43907
13/08/2007,43904
10/08/2007,43918
09/08/2007,43885
08/08/2007,43901
07/08/2007,43901
06/08/2007,43871
03/08/2007,44002
02/08/2007,44159
01/08/2007,44153
31/07/2007,44202
30/07/2007,44189
27/07/2007,44186
26/07/2007,44186
25/07/2007,44190
24/07/2007,44234
23/07/2007,44234
20/07/2007,44181
19/07/2007,44104
18/07/2007,44058
17/07/2007,44004
16/07/2007,43936
13/07/2007,43891
12/07/2007,43800
11/07/2007,43696
10/07/2007,43597
06/07/2007,43513
05/07/2007,43437
04/07/2007,43390
03/07/2007,43390
02/07/2007,43313
29/06/2007,43157
28/06/2007,43040
27/06/2007,42958
26/06/2007,42873
25/06/2007,42809
22/06/2007,42731
21/06/2007,42605
20/06/2007,42471
19/06/2007,42230
15/06/2007,42079
14/06/2007,41889
13/06/2007,41724
12/06/2007,41609
11/06/2007,41356
08/06/2007,41206
07/06/2007,41146
06/06/2007,41086
05/06/2007,41005
04/06/2007,40805
01/06/2007,40694
31/05/2007,40581
30/05/2007,40448
29/05/2007,40372
28/05/2007,40279
24/05/2007,40263
23/05/2007,40181
22/05/2007,40069
21/05/2007,39967
18/05/2007,39896
17/05/2007,39825
16/05/2007,39700
15/05/2007,39612
14/05/2007,39478
11/05/2007,39369
10/05/2007,39290
09/05/2007,39224
08/05/2007,39115
07/05/2007,38989
04/05/2007,38844
03/05/2007,38760
02/05/2007,38733
30/04/2007,38606
27/04/2007,38483
26/04/2007,38383
25/04/2007,38333
24/04/2007,38234
23/04/2007,38110
20/04/2007,38000
19/04/2007,37921
18/04/2007,37862
17/04/2007,37744
16/04/2007,37601
13/04/2007,37509
12/04/2007,37429
11/04/2007,37292
10/04/2007,37204
09/04/2007,37104
04/04/2007,37002
03/04/2007,36894
30/03/2007,36849
29/03/2007,36739
28/03/2007,36644
27/03/2007,36570
26/03/2007,36486
23/03/2007,36382
22/03/2007,36272
21/03/2007,36190
20/03/2007,36127
19/03/2007,36041
16/03/2007,36009
15/03/2007,35840
14/03/2007,35699
13/03/2007,35604
12/03/2007,35544
09/03/2007,35463
08/03/2007,35361
07/03/2007,35260
06/03/2007,35201
05/03/2007,35107
02/03/2007,35070
01/03/2007,34998
28/02/2007,34936
27/02/2007,34813
26/02/2007,34734
23/02/2007,34637
22/02/2007,34519
21/02/2007,34401
20/02/2007,34303
19/02/2007,34239
16/02/2007,34232
15/02/2007,34129
14/02/2007,34107
13/02/2007,34043
12/02/2007,34045
09/02/2007,34035
08/02/2007,34041
07/02/2007,33958
06/02/2007,33910
05/02/2007,34100
02/02/2007,33848
01/02/2007,33781
31/01/2007,33739
30/01/2007,33592
29/01/2007,33502
26/01/2007,33414
25/01/2007,33375
24/01/2007,33253
23/01/2007,33169
22/01/2007,33064
19/01/2007,33007
18/01/2007,32901
17/01/2007,32867
16/01/2007,32790
15/01/2007,32720
12/01/2007,32697
11/01/2007,32565
10/01/2007,32478
09/01/2007,32408
08/01/2007,32350
05/01/2007,32299
04/01/2007,32256
03/01/2007,32208
02/01/2007,32124
29/12/2006,32037
28/12/2006,31863
27/12/2006,31714
26/12/2006,31580
22/12/2006,31511
21/12/2006,31424
20/12/2006,31331
19/12/2006,31196
18/12/2006,31156
15/12/2006,31065
14/12/2006,31094
13/12/2006,31039
12/12/2006,31031
11/12/2006,30959
07/12/2006,30918
06/12/2006,30624
05/12/2006,30555
04/12/2006,30421
01/12/2006,30391
30/11/2006,30328
29/11/2006,30247
28/11/2006,30252
27/11/2006,30185
24/11/2006,30141
23/11/2006,30079
22/11/2006,30083
21/11/2006,30004
20/11/2006,29946
17/11/2006,29852
16/11/2006,29813
15/11/2006,29806
14/11/2006,29748
13/11/2006,29685
10/11/2006,29626
09/11/2006,29594
08/11/2006,29505
07/11/2006,29396
03/11/2006,29237
02/11/2006,29226
01/11/2006,29097
31/10/2006,29082
30/10/2006,28994
27/10/2006,28761
26/10/2006,28720
25/10/2006,28636
24/10/2006,28665
23/10/2006,28503
20/10/2006,28434
19/10/2006,28409
18/10/2006,28213
17/10/2006,28241
13/10/2006,28226
12/10/2006,28323
11/10/2006,28233
10/10/2006,28231
09/10/2006,28191
06/10/2006,28204
05/10/2006,28169
04/10/2006,28136
03/10/2006,28099
02/10/2006,28084
29/09/2006,28048
28/09/2006,28146
27/09/2006,28132
26/09/2006,28026
25/09/2006,27984
22/09/2006,27933
21/09/2006,27905
20/09/2006,27922
19/09/2006,27860
18/09/2006,27835
15/09/2006,27774
14/09/2006,27723
13/09/2006,27607
12/09/2006,27593
11/09/2006,27553
08/09/2006,27539
07/09/2006,27472
06/09/2006,27493
05/09/2006,27459
04/09/2006,27414
01/09/2006,27410
31/08/2006,27397
30/08/2006,27367
29/08/2006,27245
28/08/2006,27222
25/08/2006,27347
24/08/2006,27300
23/08/2006,27259
22/08/2006,27188
18/08/2006,26976
17/08/2006,27052
16/08/2006,27028
15/08/2006,26838
14/08/2006,26983
11/08/2006,27010
10/08/2006,26910
09/08/2006,27075
08/08/2006,26970
07/08/2006,26943
04/08/2006,26861
03/08/2006,27020
02/08/2006,26129
01/08/2006,26248
31/07/2006,26223
28/07/2006,26214
27/07/2006,26233
26/07/2006,26238
25/07/2006,26203
24/07/2006,26160
21/07/2006,26203
20/07/2006,26179
19/07/2006,26124
18/07/2006,26088
17/07/2006,26056
14/07/2006,26077
13/07/2006,26076
12/07/2006,26075
11/07/2006,26112
10/07/2006,26003
07/07/2006,25999
06/07/2006,25894
05/07/2006,25799
04/07/2006,25687
03/07/2006,25681
30/06/2006,25490
29/06/2006,25184
28/06/2006,25281
27/06/2006,25326
26/06/2006,25309
23/06/2006,25238
22/06/2006,25174
21/06/2006,25144
20/06/2006,25044
16/06/2006,24988
15/06/2006,24898
14/06/2006,24772
13/06/2006,24763
12/06/2006,24803
09/06/2006,24574
08/06/2006,24508
07/06/2006,24552
06/06/2006,24277
05/06/2006,24320
02/06/2006,24258
01/06/2006,24110
31/05/2006,24162
30/05/2006,24194
29/05/2006,24165
26/05/2006,24163
24/05/2006,24089
23/05/2006,24183
22/05/2006,24015
19/05/2006,23987
18/05/2006,23994
17/05/2006,23937
16/05/2006,23937
15/05/2006,23854
12/05/2006,23904
11/05/2006,23677
10/05/2006,23553
09/05/2006,23472
08/05/2006,23328
05/05/2006,23159
04/05/2006,22667
03/05/2006,22565
02/05/2006,22515
28/04/2006,22400
27/04/2006,22333
26/04/2006,22307
25/04/2006,22200
24/04/2006,22074
21/04/2006,22007
20/04/2006,21894
19/04/2006,21889
18/04/2006,21792
17/04/2006,21622
12/04/2006,21651
11/04/2006,21835
10/04/2006,21769
07/04/2006,21708
06/04/2006,21728
05/04/2006,21665
04/04/2006,21602
03/04/2006,21562
31/03/2006,21549
30/03/2006,21533
29/03/2006,21523
28/03/2006,21423
27/03/2006,21233
23/03/2006,20956
22/03/2006,20947
21/03/2006,20917
20/03/2006,20882
17/03/2006,20817
16/03/2006,20715
15/03/2006,20730
14/03/2006,20712
13/03/2006,20717
10/03/2006,20711
09/03/2006,20756
08/03/2006,20701
07/03/2006,20709
06/03/2006,20627
03/03/2006,20586
02/03/2006,20643
01/03/2006,20570
28/02/2006,20532
27/02/2006,20495
24/02/2006,20505
23/02/2006,20283
22/02/2006,20238
21/02/2006,20134
20/02/2006,20068
17/02/2006,20059
16/02/2006,19706
15/02/2006,19608
14/02/2006,20049
13/02/2006,19959
10/02/2006,19917
09/02/2006,19910
08/02/2006,19884
07/02/2006,19879
06/02/2006,19838
03/02/2006,19886
02/02/2006,19994
01/02/2006,19968
31/01/2006,19689
30/01/2006,19610
27/01/2006,19548
26/01/2006,19494
25/01/2006,19428
24/01/2006,19418
23/01/2006,19085
20/01/2006,18992
19/01/2006,18977
18/01/2006,18893
17/01/2006,18847
16/01/2006,18876
13/01/2006,18860
12/01/2006,18824
11/01/2006,18812
10/01/2006,18788
09/01/2006,18753
06/01/2006,18735
05/01/2006,18625
04/01/2006,18578
03/01/2006,18580
02/01/2006,28078
30/12/2005,28077
29/12/2005,28120
28/12/2005,28104
27/12/2005,28089
26/12/2005,27952
23/12/2005,27947
22/12/2005,27759
21/12/2005,27640
20/12/2005,27352
19/12/2005,27523
16/12/2005,27438
15/12/2005,26896
14/12/2005,26830
13/12/2005,26704
12/12/2005,26709
09/12/2005,26700
07/12/2005,26705
06/12/2005,26673
05/12/2005,26652
02/12/2005,26577
01/12/2005,26584
30/11/2005,26525
29/11/2005,26531
28/11/2005,26494
25/11/2005,26549
24/11/2005,26549
23/11/2005,26546
22/11/2005,26543
21/11/2005,26638
18/11/2005,26566
17/11/2005,26570
16/11/2005,26579
15/11/2005,26473
14/11/2005,26493
11/11/2005,26491
10/11/2005,26508
09/11/2005,26472
08/11/2005,26429
07/11/2005,26320
04/11/2005,26322
03/11/2005,26525
02/11/2005,26536
01/11/2005,26511
31/10/2005,26548
28/10/2005,26143
27/10/2005,26133
26/10/2005,26119
25/10/2005,26077
24/10/2005,26003
21/10/2005,26041
20/10/2005,26003
19/10/2005,25979
18/10/2005,26002
17/10/2005,25924
14/10/2005,26168
13/10/2005,26106
12/10/2005,26094
11/10/2005,26088
07/10/2005,26105
06/10/2005,26043
05/10/2005,25927
04/10/2005,25878
03/10/2005,25821
30/09/2005,25614
29/09/2005,25506
28/09/2005,25563
27/09/2005,25558
26/09/2005,25514
23/09/2005,25507
22/09/2005,25491
21/09/2005,25456
20/09/2005,25434
19/09/2005,25694
16/09/2005,25690
15/09/2005,25623
14/09/2005,25707
13/09/2005,25664
12/09/2005,25634
09/09/2005,25643
08/09/2005,25765
07/09/2005,25715
06/09/2005,25554
05/09/2005,25515
02/09/2005,25509
01/09/2005,25370
31/08/2005,25252
30/08/2005,25174
29/08/2005,25173
26/08/2005,25161
25/08/2005,25150
24/08/2005,25086
23/08/2005,25104
22/08/2005,25090
19/08/2005,25171
18/08/2005,25191
17/08/2005,25151
16/08/2005,25130
12/08/2005,25086
11/08/2005,25219
10/08/2005,25100
09/08/2005,24947
08/08/2005,24837
05/08/2005,24624
04/08/2005,24820
03/08/2005,25450
02/08/2005,25238
01/08/2005,25151
29/07/2005,25105
28/07/2005,24841
27/07/2005,24785
26/07/2005,24757
25/07/2005,24685
22/07/2005,24668
21/07/2005,24614
20/07/2005,24136
19/07/2005,24017
18/07/2005,23958
15/07/2005,23943
14/07/2005,23974
13/07/2005,23743
12/07/2005,23776
11/07/2005,23485
08/07/2005,23466
07/07/2005,23300
06/07/2005,23206
05/07/2005,23130
04/07/2005,23128
01/07/2005,23127
30/06/2005,23052
29/06/2005,23003
28/06/2005,23155
27/06/2005,23133
24/06/2005,22998
23/06/2005,22900
22/06/2005,22718
21/06/2005,22580
17/06/2005,22508
16/06/2005,22701
15/06/2005,22593
14/06/2005,22475
13/06/2005,22415
10/06/2005,22346
09/06/2005,22300
08/06/2005,22444
07/06/2005,22299
06/06/2005,22192
03/06/2005,22172
02/06/2005,21986
01/06/2005,22257
31/05/2005,22103
30/05/2005,22058
27/05/2005,22058
26/05/2005,21971
24/05/2005,21988
23/05/2005,21865
20/05/2005,21760
19/05/2005,21889
18/05/2005,21826
17/05/2005,21715
16/05/2005,21660
13/05/2005,21657
12/05/2005,21580
11/05/2005,21508
10/05/2005,21331
09/05/2005,21243
06/05/2005,21145
05/05/2005,21051
04/05/2005,21109
03/05/2005,21034
02/05/2005,20971
29/04/2005,20904
28/04/2005,20855
27/04/2005,20793
26/04/2005,20789
25/04/2005,20788
22/04/2005,20785
21/04/2005,20823
20/04/2005,20804
19/04/2005,20710
18/04/2005,20639
15/04/2005,20550
14/04/2005,20602
13/04/2005,20594
12/04/2005,20558
11/04/2005,20530
08/04/2005,20457
07/04/2005,20469
06/04/2005,20453
05/04/2005,20385
04/04/2005,20407
01/04/2005,20388
31/03/2005,20339
30/03/2005,20223
29/03/2005,20173
28/03/2005,20236
23/03/2005,20350
22/03/2005,20384
21/03/2005,20729
18/03/2005,20788
17/03/2005,21030
16/03/2005,21035
15/03/2005,21075
14/03/2005,21097
11/03/2005,21044
10/03/2005,20911
09/03/2005,20879
08/03/2005,21106
07/03/2005,21035
04/03/2005,20996
03/03/2005,20901
02/03/2005,20803
01/03/2005,20795
28/02/2005,20792
25/02/2005,20720
24/02/2005,20693
23/02/2005,20651
22/02/2005,20601
21/02/2005,20776
18/02/2005,20776
17/02/2005,20662
16/02/2005,20545
15/02/2005,20499
14/02/2005,20589
11/02/2005,20514
10/02/2005,20475
09/02/2005,20409
08/02/2005,20394
07/02/2005,20202
04/02/2005,20182
03/02/2005,20322
02/02/2005,20330
01/02/2005,20221
31/01/2005,20137
28/01/2005,20090
27/01/2005,20088
26/01/2005,20067
25/01/2005,19986
24/01/2005,19940
21/01/2005,19889
20/01/2005,19813
19/01/2005,19812
18/01/2005,19814
17/01/2005,19819
14/01/2005,19795
13/01/2005,19918
12/01/2005,19847
11/01/2005,19796
10/01/2005,19733
07/01/2005,19688
06/01/2005,19643
05/01/2005,19686
04/01/2005,19641
03/01/2005,19648
31/12/2004,19646
30/12/2004,19595
29/12/2004,19498
28/12/2004,19517
27/12/2004,19522
24/12/2004,19417
23/12/2004,19383
22/12/2004,19290
21/12/2004,19262
20/12/2004,19194
17/12/2004,19445
16/12/2004,19404
15/12/2004,19326
14/12/2004,19261
13/12/2004,19208
10/12/2004,19126
09/12/2004,19088
07/12/2004,19245
06/12/2004,19257
03/12/2004,19190
02/12/2004,19091
01/12/2004,19041
30/11/2004,18944
29/11/2004,18890
26/11/2004,18850
25/11/2004,18821
24/11/2004,18807
23/11/2004,18757
22/11/2004,18701
19/11/2004,18786
18/11/2004,18748
17/11/2004,18744
16/11/2004,18691
15/11/2004,18666
12/11/2004,18716
11/11/2004,18633
10/11/2004,18649
09/11/2004,18654
08/11/2004,18629
05/11/2004,18615
04/11/2004,18551
03/11/2004,18640
02/11/2004,18591
01/11/2004,18575
29/10/2004,18587
28/10/2004,18576
27/10/2004,18541
26/10/2004,18536
25/10/2004,18503
22/10/2004,18463
21/10/2004,18419
20/10/2004,18368
19/10/2004,18298
18/10/2004,18250
15/10/2004,18255
14/10/2004,18399
13/10/2004,18347
12/10/2004,18395
08/10/2004,18344
07/10/2004,18370
06/10/2004,18303
05/10/2004,18325
04/10/2004,18287
01/10/2004,18277
30/09/2004,18224
29/09/2004,18150
28/09/2004,18121
27/09/2004,18178
24/09/2004,18147
23/09/2004,18139
22/09/2004,18071
21/09/2004,18094
20/09/2004,18070
17/09/2004,18354
16/09/2004,18329
15/09/2004,18285
14/09/2004,18394
13/09/2004,18364
10/09/2004,18291
09/09/2004,18248
08/09/2004,18209
07/09/2004,18149
06/09/2004,18102
03/09/2004,18104
02/09/2004,18096
01/09/2004,18084
31/08/2004,18076
30/08/2004,18007
27/08/2004,17965
26/08/2004,17992
25/08/2004,17979
24/08/2004,17958
23/08/2004,17983
20/08/2004,17999
19/08/2004,18142
18/08/2004,18121
17/08/2004,18083
13/08/2004,18064
12/08/2004,18156
11/08/2004,18140
10/08/2004,18144
09/08/2004,18110
06/08/2004,18101
05/08/2004,18050
04/08/2004,18157
03/08/2004,18182
02/08/2004,18124
30/07/2004,18068
29/07/2004,18048
28/07/2004,18064
27/07/2004,18049
26/07/2004,18081
23/07/2004,18038
22/07/2004,18040
21/07/2004,18013
20/07/2004,18023
19/07/2004,18017
16/07/2004,18009
15/07/2004,18089
14/07/2004,18079
13/07/2004,18007
12/07/2004,17995
08/07/2004,17913
07/07/2004,17879
06/07/2004,17732
05/07/2004,17513
02/07/2004,17513
01/07/2004,17478
30/06/2004,17443
29/06/2004,17556
28/06/2004,17550
25/06/2004,17530
24/06/2004,17501
23/06/2004,17428
22/06/2004,17368
18/06/2004,17155
17/06/2004,17459
16/06/2004,17366
15/06/2004,17314
14/06/2004,17263
11/06/2004,17212
10/06/2004,17190
09/06/2004,17117
08/06/2004,17079
07/06/2004,17065
04/06/2004,17019
03/06/2004,16916
02/06/2004,16883
01/06/2004,16811
31/05/2004,16705
28/05/2004,16703
27/05/2004,16645
26/05/2004,16576
24/05/2004,16511
21/05/2004,16446
20/05/2004,16359
19/05/2004,16310
18/05/2004,16228
17/05/2004,16154
14/05/2004,16216
13/05/2004,16161
12/05/2004,16126
11/05/2004,16021
10/05/2004,15966
07/05/2004,16008
06/05/2004,16054
05/05/2004,16021
04/05/2004,15965
03/05/2004,15853
30/04/2004,15763
29/04/2004,15656
28/04/2004,15588
27/04/2004,15537
26/04/2004,15472
23/04/2004,15407
22/04/2004,15339
21/04/2004,15280
20/04/2004,15250
19/04/2004,15200
16/04/2004,15155
15/04/2004,15206
14/04/2004,15202
13/04/2004,15144
12/04/2004,15123
07/04/2004,15100
06/04/2004,15142
02/04/2004,15113
01/04/2004,15104
31/03/2004,15003
30/03/2004,14921
29/03/2004,14882
26/03/2004,14861
25/03/2004,14866
24/03/2004,14878
23/03/2004,11779
22/03/2004,11756
19/03/2004,11748
18/03/2004,12004
17/03/2004,12047
16/03/2004,12027
15/03/2004,11997
12/03/2004,12107
11/03/2004,12055
10/03/2004,12042
09/03/2004,12017
08/03/2004,15062
05/03/2004,15031
04/03/2004,15011
03/03/2004,15026
02/03/2004,15049
01/03/2004,15046
27/02/2004,15003
26/02/2004,15000
25/02/2004,14998
24/02/2004,14967
23/02/2004,14947
20/02/2004,14976
19/02/2004,14971
18/02/2004,14984
17/02/2004,14963
16/02/2004,15104
13/02/2004,15105
12/02/2004,15089
11/02/2004,15047
10/02/2004,15037
09/02/2004,14971
06/02/2004,15022
05/02/2004,15001
04/02/2004,14997
03/02/2004,14991
02/02/2004,14957
30/01/2004,14920
29/01/2004,14669
28/01/2004,14661
27/01/2004,14653
26/01/2004,14632
23/01/2004,14619
22/01/2004,14584
21/01/2004,14554
20/01/2004,14476
19/01/2004,14502
16/01/2004,14502
15/01/2004,14480
14/01/2004,14500
13/01/2004,14467
12/01/2004,14440
09/01/2004,14398
08/01/2004,14364
07/01/2004,14326
06/01/2004,14303
05/01/2004,14257
02/01/2004,14209
31/12/2003,14119
30/12/2003,14117
29/12/2003,14052
26/12/2003,14073
24/12/2003,14061
23/12/2003,14072
22/12/2003,14048
19/12/2003,13577
18/12/2003,13551
17/12/2003,13497
16/12/2003,13437
15/12/2003,13402
12/12/2003,13976
11/12/2003,13938
10/12/2003,13917
09/12/2003,13890
05/12/2003,13754
04/12/2003,13721
03/12/2003,13583
02/12/2003,13538
01/12/2003,13520
28/11/2003,13483
27/11/2003,13487
26/11/2003,13487
25/11/2003,13466
24/11/2003,13448
21/11/2003,13394
20/11/2003,13535
19/11/2003,13503
18/11/2003,13499
17/11/2003,13435
14/11/2003,13506
13/11/2003,13435
12/11/2003,13387
11/11/2003,13334
10/11/2003,13329
07/11/2003,12841
05/11/2003,12953
04/11/2003,12924
03/11/2003,12892
31/10/2003,12902
30/10/2003,12882
29/10/2003,12848
28/10/2003,12821
27/10/2003,12792
24/10/2003,12754
23/10/2003,13357
22/10/2003,13337
21/10/2003,13310
20/10/2003,13242
17/10/2003,13331
16/10/2003,13360
15/10/2003,13333
14/10/2003,13449
10/10/2003,13427
09/10/2003,13508
08/10/2003,13477
07/10/2003,13457
06/10/2003,13446
03/10/2003,13436
02/10/2003,13434
01/10/2003,13423
30/09/2003,13406
29/09/2003,13378
26/09/2003,13383
25/09/2003,13467
24/09/2003,13449
23/09/2003,13428
22/09/2003,10841
19/09/2003,10845
18/09/2003,10825
17/09/2003,10815
16/09/2003,10802
15/09/2003,10804
12/09/2003,10757
11/09/2003,10870
10/09/2003,13763
09/09/2003,13714
08/09/2003,13707
05/09/2003,13643
04/09/2003,13625
03/09/2003,13622
02/09/2003,13618
01/09/2003,13592
29/08/2003,13584
28/08/2003,13300
27/08/2003,13317
26/08/2003,13330
25/08/2003,13334
22/08/2003,13332
21/08/2003,13334
20/08/2003,13340
19/08/2003,13319
15/08/2003,13325
14/08/2003,13357
13/08/2003,13395
12/08/2003,13365
11/08/2003,13398
08/08/2003,13390
07/08/2003,13396
06/08/2003,13533
05/08/2003,13504
04/08/2003,13521
01/08/2003,13496
31/07/2003,13484
30/07/2003,13518
29/07/2003,13552
28/07/2003,12490
25/07/2003,12467
24/07/2003,12424
23/07/2003,12376
22/07/2003,12357
21/07/2003,12321
18/07/2003,12300
17/07/2003,12267
16/07/2003,13251
15/07/2003,13197
14/07/2003,13167
11/07/2003,13137
10/07/2003,13101
08/07/2003,13071
07/07/2003,13036
04/07/2003,12973
03/07/2003,12244
02/07/2003,12239
01/07/2003,12201
30/06/2003,12183
27/06/2003,12229
26/06/2003,12237
25/06/2003,12173
24/06/2003,12136
23/06/2003,11735
20/06/2003,11650
19/06/2003,11637
18/06/2003,11628
17/06/2003,11552
13/06/2003,11452
12/06/2003,12021
11/06/2003,11853
10/06/2003,11823
09/06/2003,11734
06/06/2003,11656
05/06/2003,11614
04/06/2003,11638
03/06/2003,11601
02/06/2003,11547
30/05/2003,11374
29/05/2003,11087
28/05/2003,11048
27/05/2003,11052
26/05/2003,11048
23/05/2003,11045
22/05/2003,11008
21/05/2003,10988
20/05/2003,10971
19/05/2003,10881
16/05/2003,10898
15/05/2003,10755
14/05/2003,10735
13/05/2003,11465
12/05/2003,11354
09/05/2003,11292
08/05/2003,11135
07/05/2003,10996
06/05/2003,11260
05/05/2003,11182
02/05/2003,11102
30/04/2003,10971
29/04/2003,10948
28/04/2003,10891
25/04/2003,10867
24/04/2003,10609
23/04/2003,10595
22/04/2003,10541
21/04/2003,10502
16/04/2003,10484
15/04/2003,10477
14/04/2003,10472
11/04/2003,10472
10/04/2003,10448
09/04/2003,10514
08/04/2003,10506
07/04/2003,10519
04/04/2003,10547
03/04/2003,10540
02/04/2003,10515
01/04/2003,10513
28/03/2003,10517
27/03/2003,10576
26/03/2003,10555
25/03/2003,10533
24/03/2003,10496
21/03/2003,10507
20/03/2003,10513
19/03/2003,10176
18/03/2003,10224
17/03/2003,10209
14/03/2003,10326
13/03/2003,10312
12/03/2003,10312
11/03/2003,10310
10/03/2003,10304
07/03/2003,10279
06/03/2003,10276
05/03/2003,10266
04/03/2003,10263
03/03/2003,10256
28/02/2003,10289
27/02/2003,10295
26/02/2003,10300
25/02/2003,10274
24/02/2003,10251
21/02/2003,10247
20/02/2003,10209
19/02/2003,10194
18/02/2003,9434
17/02/2003,9439
14/02/2003,9440
13/02/2003,9291
12/02/2003,9236
11/02/2003,9256
10/02/2003,9232
07/02/2003,9210
06/02/2003,9320
05/02/2003,9306
04/02/2003,9290
03/02/2003,9308
31/01/2003,9326
30/01/2003,9334
29/01/2003,9330
28/01/2003,9264
27/01/2003,9262
24/01/2003,8245
23/01/2003,8267
22/01/2003,9831
21/01/2003,9815
20/01/2003,9752
17/01/2003,9751
16/01/2003,10746
15/01/2003,10730
14/01/2003,10693
13/01/2003,10664
10/01/2003,10645
09/01/2003,10663
08/01/2003,10652
07/01/2003,10605
06/01/2003,10564
03/01/2003,10505
02/01/2003,10501